store_name,region,cluster,cluster_bool,urban_rural,entropy
7fd81b2b-219b-4795-a561-c1a9d3fb28d1,Hovedstaden,4,In-Cluster Store,Urban,0.7910001050558073
0b52d54b-66e1-4d8c-a4a4-e243b5120946,Hovedstaden,4,In-Cluster Store,Urban,0.8040406582511123
e1ed4932-4bef-4220-ac59-211b3b561e57,Hovedstaden,4,In-Cluster Store,Urban,0.8229238182826709
3a92a1c7-823b-4716-a21a-675b88186bca,Hovedstaden,4,In-Cluster Store,Urban,0.8167798651788893
6cb6a8b2-3a26-48ba-87dd-4c4c215c1b64,Hovedstaden,4,In-Cluster Store,Urban,0.8563696396557984
78fe367c-cd14-4ccc-aef1-fd3a33687c09,Hovedstaden,4,In-Cluster Store,Urban,0.808690537474847
b4ab6bf0-1a21-46c1-ba29-ae16aec1eb87,Hovedstaden,4,In-Cluster Store,Urban,0.8150434301516035
3e1414f5-45f4-45cc-8c4f-80b49c6386e1,Hovedstaden,4,In-Cluster Store,Urban,0.8156835891462481
aa767d71-1b66-4a12-be82-97430aa9f762,Hovedstaden,4,In-Cluster Store,Urban,0.7871329029329972
77c394d6-c40e-43f4-a62e-46c6f1643274,Hovedstaden,4,In-Cluster Store,Urban,0.745356579586167
a8f29c70-d427-4b30-b0e1-b0934fb0d5c7,Hovedstaden,4,In-Cluster Store,Urban,0.7854484741515889
2e7e4a1f-352b-4fdc-b4e4-8f4384e5a5d7,Hovedstaden,4,In-Cluster Store,Urban,0.832597228857806
43c8b72b-fc30-4030-b0eb-05ce6e74e14c,Hovedstaden,4,In-Cluster Store,Urban,0.7755831050053527
68b426ec-4097-4c25-8842-c3ba12c63516,Hovedstaden,4,In-Cluster Store,Urban,0.7873337522925495
c2f95cbd-f178-4080-b3c0-04a05a3ded65,Hovedstaden,4,In-Cluster Store,Urban,0.802795235504448
b3c7071f-5db7-4722-b2e4-2b614bb31686,Hovedstaden,4,In-Cluster Store,Urban,0.7675595322609907
379a8993-bcbe-40c2-ab6c-41abb7008569,Hovedstaden,4,In-Cluster Store,Urban,0.8040866262924695
0eb4352c-5ca4-4a09-a3f8-b77778bfa992,Hovedstaden,4,In-Cluster Store,Urban,0.8113862851500351
b8c4042f-e4e7-42a4-b60a-af4035da5104,Hovedstaden,4,In-Cluster Store,Urban,0.8091128538523737
72eaa288-7edf-41ef-966f-065abbed0461,Hovedstaden,4,In-Cluster Store,Urban,0.7349549211544649
64fb6423-57b0-457c-a054-8a024a2d86b8,Hovedstaden,4,In-Cluster Store,Urban,0.7002051914359894
c35f55dd-2c1c-4848-8196-556dd1870759,Sjælland,4,In-Cluster Store,Urban,0.7787053932435517
ac8f51b2-7ad0-4773-9363-8adfa58ced0d,Hovedstaden,4,In-Cluster Store,Urban,0.7648363460693322
466a3feb-9c69-4b05-bf34-6117a0ea1212,Hovedstaden,4,In-Cluster Store,Urban,0.7157979454547285
4e58930a-3188-43c8-8078-87def1aabb5c,Hovedstaden,4,In-Cluster Store,Urban,0.8213309386570352
5e2b1119-32fc-4b86-baf3-daa2baa91c0b,Sjælland,3,In-Cluster Store,Urban,0.8329970598488929
9a927c93-4791-49c7-8bf9-54e72568f9a6,Hovedstaden,4,In-Cluster Store,Urban,0.767829687853279
10b63b2b-d1f2-4d8b-b7b7-1ade4f15dde9,Sjælland,3,In-Cluster Store,Rural,0.7840369708040967
93c8355f-f760-4215-a5ac-87ab2e595e72,Hovedstaden,4,In-Cluster Store,Urban,0.7775159640879504
edc497b9-5be3-40c8-b8bc-e70f1195b6d6,Hovedstaden,4,In-Cluster Store,Urban,0.8227753183827912
6a6595b8-eacc-4c5b-a1e3-6d3bad51b609,Hovedstaden,4,In-Cluster Store,Urban,0.8047769279179899
57f10317-69cb-43b1-80f9-1a46d705c21f,Hovedstaden,4,In-Cluster Store,Urban,0.7702803347143284
13a86696-4350-49cc-946d-c6dbda420cbc,Sjælland,-1,Isolated Store,Rural,0.805275947928068
bef5a9f8-9ac5-4817-9899-3123fcbe4acf,Hovedstaden,4,In-Cluster Store,Urban,0.8309904432593072
6b94d422-190d-4a87-b938-6557df68d21f,Sjælland,4,In-Cluster Store,Rural,0.819970972032711
7bc8e6d8-a520-4b24-82ea-af579ad181f1,Hovedstaden,4,In-Cluster Store,Urban,0.7777781993016707
2b07278a-fc26-463b-ad5c-49800be06e85,Sjælland,4,In-Cluster Store,Urban,0.8093750080037339
69d79a53-0f02-47a3-9330-0286b04e7866,Hovedstaden,4,In-Cluster Store,Urban,0.7961071180352544
8710a1fc-c8cd-4708-8035-667ea7ff5afd,Hovedstaden,4,In-Cluster Store,Urban,0.8398319114667588
3ef9a93f-fe45-42b2-885e-69165ce44a03,Hovedstaden,4,In-Cluster Store,Urban,0.7698062510287028
b08b8ebb-3163-452e-81a8-bb7c915f16b1,Hovedstaden,4,In-Cluster Store,Urban,0.8007118680325293
3014420d-914a-4f3f-b4d7-d3a41112aa9c,Sjælland,4,In-Cluster Store,Urban,0.7913615816812007
50879c5b-e7f0-41a9-83ca-02167f2e03b0,Hovedstaden,4,In-Cluster Store,Urban,0.790867998533161
8204ef89-a12e-4717-8069-7e10eca98279,Sjælland,-1,Isolated Store,Urban,0.8121657188783591
0f9675e4-2376-4677-908f-c5e9b4cff981,Hovedstaden,4,In-Cluster Store,Urban,0.7772806663119469
c1e80e96-7d3e-4baa-a996-d4fcb1c519e9,Hovedstaden,4,In-Cluster Store,Urban,0.813277443734541
ef7dddbe-1113-4f75-9d33-739b07e4135d,Hovedstaden,4,In-Cluster Store,Urban,0.7949359491972572
fea9af1d-5ee5-4d17-94d5-0b081f564ce9,Sjælland,-1,Isolated Store,Urban,0.8154481603778518
f8570729-62ec-42cd-82ad-0d688034b918,Hovedstaden,4,In-Cluster Store,Urban,0.7863399469246842
83c0b980-fb7b-4cb0-a76d-0109f533b164,Hovedstaden,4,In-Cluster Store,Urban,0.8019743367991151
2453088a-9203-4176-8cd7-84a8365b7869,Hovedstaden,4,In-Cluster Store,Urban,0.8255613021920197
7ad95163-1fdd-4b21-aaf4-e3ffc1b26dce,Sjælland,-1,Isolated Store,Urban,0.8275239523787582
940943d4-393a-4aba-b931-5a5dadc319fe,Hovedstaden,4,In-Cluster Store,Urban,0.7881733604546625
93834b88-5a37-48b5-b4ac-a02d958ddf46,Sjælland,-1,Isolated Store,Urban,0.8334121564769787
6fb3c05c-3941-42d6-bc8b-62d251153252,Hovedstaden,4,In-Cluster Store,Urban,0.8064401336570297
34e76e73-5925-4d78-b994-7c1f42e749a4,Sjælland,3,In-Cluster Store,Urban,0.8225313812537387
82595089-fc63-4fd5-a481-94140ecb2e2c,Hovedstaden,4,In-Cluster Store,Urban,0.8138845707856163
205701b1-38b2-4bfa-93e9-374b1ccb01c3,Hovedstaden,4,In-Cluster Store,Urban,0.8248801180617329
77d3a3e9-7344-402c-ace3-325a5b7ddeea,Hovedstaden,4,In-Cluster Store,Urban,0.800779207527046
52fa68c5-19d8-402e-82d1-cf538ff5f614,Hovedstaden,4,In-Cluster Store,Urban,0.8103199351694363
8f7f38bf-8e17-4f56-93f2-269c256e93b4,Hovedstaden,4,In-Cluster Store,Urban,0.7929389535273129
a5cf8a1e-6597-40ba-8dba-7ebd534c3157,Sjælland,-1,Isolated Store,Rural,0.8017224325697362
4af9a4eb-920c-44d6-83f2-833c573400d6,Hovedstaden,4,In-Cluster Store,Urban,0.8095069775894055
856c06a6-c1b9-47a8-ba85-a8ce13221119,Sjælland,4,In-Cluster Store,Rural,0.8105205717442584
8a20030f-db38-4b93-b4af-d40f7b1ee435,Hovedstaden,4,In-Cluster Store,Urban,0.8285398289196919
01ca7997-68bf-4ec9-ac2c-4a422731a728,Sjælland,3,In-Cluster Store,Urban,0.8095675777282813
01bb056b-d7e6-4892-85a8-10dc984581f5,Hovedstaden,4,In-Cluster Store,Urban,0.7784408348806351
704cb656-3939-40d2-8bfb-cac47fd3050a,Sjælland,-1,Isolated Store,Rural,0.8052305884835596
d59d456f-b0ad-4826-ab38-d98b47951379,Hovedstaden,4,In-Cluster Store,Urban,0.7967422846286804
5730e993-bb7c-40fb-bbb1-0d1114584813,Hovedstaden,4,In-Cluster Store,Urban,0.77772826327736
6c594148-59f5-4a28-83c5-2f079f41c6fc,Hovedstaden,4,In-Cluster Store,Urban,0.8547663573934218
d61b40b8-e0e0-4c81-a2c2-293862591b82,Hovedstaden,4,In-Cluster Store,Urban,0.8118545254865316
f8661653-2032-4c6e-8d39-a90d2854a94e,Sjælland,3,In-Cluster Store,Urban,0.8307385605227265
15c99a5c-e790-418b-9044-6f96ab17093f,Hovedstaden,4,In-Cluster Store,Urban,0.7677011641854078
261fcf18-cc56-497d-a1d9-fab4dd3c743b,Hovedstaden,4,In-Cluster Store,Urban,0.7865703078754938
df057e45-6c24-43c5-8a97-34539e75d7bb,Sjælland,-1,Isolated Store,Rural,0.7742190703580683
a621be50-cfac-4397-8afc-c96349c01720,Hovedstaden,4,In-Cluster Store,Urban,0.8416510298303612
8e7077fa-5ca2-49c7-a936-b7e7f75dfd0d,Hovedstaden,4,In-Cluster Store,Urban,0.805439788603309
4d99a744-8087-44ff-b576-4bb0f6bb6ff4,Sjælland,4,In-Cluster Store,Urban,0.7726233461054033
911233e8-a2b7-4115-9413-6e7f0530e21f,Hovedstaden,4,In-Cluster Store,Urban,0.81965333204396
f8b5d90b-0d95-4d4e-a56f-fffd5c7e7ff3,Hovedstaden,4,In-Cluster Store,Urban,0.7890872902679942
05aa1221-c863-4c3d-b5e7-ec97e4f829b0,Hovedstaden,4,In-Cluster Store,Urban,0.808057698440514
9f7a4856-1a13-45fd-906f-a324b9fe25b6,Hovedstaden,4,In-Cluster Store,Urban,0.8342657316180114
81ecf729-d8e7-47b7-876f-c314e13f386e,Sjælland,4,In-Cluster Store,Rural,0.7860278152054938
6ba6a678-77c9-4368-910f-b65c421ae59a,Hovedstaden,4,In-Cluster Store,Urban,0.7868967232060349
6e00370c-0def-45d8-a6d4-51852f1a5885,Hovedstaden,4,In-Cluster Store,Urban,0.7729795052109152
53653850-91e9-4ce0-903b-13d0509dff06,Hovedstaden,4,In-Cluster Store,Urban,0.8039946872779167
30b85210-354e-4eb5-927b-70926adbdb49,Hovedstaden,4,In-Cluster Store,Urban,0.7679230288255943
bb4e3258-5558-4a3f-a9be-e2cc09b7d9db,Hovedstaden,4,In-Cluster Store,Urban,0.8249806595876046
1a909014-27d6-47c3-9e04-c5944897057d,Sjælland,4,In-Cluster Store,Urban,0.8173807136739816
8093199f-aff0-46a1-8c93-324c396ab124,Sjælland,4,In-Cluster Store,Urban,0.7928530616945437
9408acbd-cb40-4141-af6f-d7251c081295,Sjælland,3,In-Cluster Store,Urban,0.8079648976531547
abf3e824-bce6-4df5-b840-f4d7d88ae6d9,Hovedstaden,4,In-Cluster Store,Urban,0.8183718120225685
b736a5b1-ae86-4484-a056-46f0784d6ac7,Hovedstaden,4,In-Cluster Store,Urban,0.8090151586011702
2f69ff57-66f6-4fa8-bf11-6a9e4db571a5,Hovedstaden,4,In-Cluster Store,Urban,0.8200916812304044
35d40e97-e621-4b32-997d-9311f4184ad1,Sjælland,4,In-Cluster Store,Urban,0.8279872564472027
968c4f55-7b56-4a20-ac08-d6be9706985a,Sjælland,4,In-Cluster Store,Urban,0.7956867228345694
8621473e-d7bc-4d8f-890d-dc1a8d986854,Hovedstaden,4,In-Cluster Store,Urban,0.8039383967083908
47a665a5-29f4-4891-a357-4e4b65c3b546,Sjælland,-1,Isolated Store,Rural,0.8214595482820092
0e6f15e1-797f-4933-8f60-352c9a789bc5,Hovedstaden,4,In-Cluster Store,Urban,0.7691589244512729
3ee033f5-ad3a-49ef-b570-26cef676b821,Midtjylland,-1,Isolated Store,Rural,0.7990082824659018
c1a5ebc2-bf7e-452f-9a22-6365595c9cd9,Syddanmark,-1,Isolated Store,Rural,0.8150417113530398
7d6ef327-9115-4d03-8610-0cc85409a627,Syddanmark,-1,Isolated Store,Rural,0.8248921634337127
ac4e41b8-5f91-4f28-8bcf-0abfe9b03a7f,Syddanmark,-1,Isolated Store,Rural,0.827282188672105
0304cd88-b6cc-4bec-b3b5-8f559668a9a0,Syddanmark,-1,Isolated Store,Rural,0.8278632702271291
0b666c0a-9dce-448b-ad10-643c625a4aff,Nordjylland,-1,Isolated Store,Rural,0.8200596489600569
d9cda428-982b-44d7-8890-5690de6e0e02,Midtjylland,-1,Isolated Store,Urban,0.8030767108681409
28fcd8c0-ac7d-497a-82b0-1aca9651fa18,Midtjylland,1,In-Cluster Store,Rural,0.8217182785942603
518db451-284c-43ae-a3f0-f4cef67c8f19,Syddanmark,2,In-Cluster Store,Urban,0.8005565833186318
6c5f5ae5-3bea-4f5e-9707-2d137d239cd7,Midtjylland,-1,Isolated Store,Urban,0.8218206701586337
f609fd5f-99de-495a-b986-4d6935e85dca,Midtjylland,-1,Isolated Store,Rural,0.8313379973949429
89b2c8c4-c794-4ac5-8d53-5410877b82f8,Nordjylland,-1,Isolated Store,Rural,0.8388008879099514
625cd0d4-53a6-4cac-90df-211341f1546e,Syddanmark,2,In-Cluster Store,Urban,0.8215652158837493
21a20d8f-bbe4-44d2-816f-97f90b709b86,Syddanmark,-1,Isolated Store,Urban,0.8269891043108184
da045fe7-2fd2-4749-908e-5a17b5854ea5,Nordjylland,-1,Isolated Store,Rural,0.8040031279241828
75a82841-37af-49eb-a7b9-c95b70254b06,Syddanmark,-1,Isolated Store,Rural,0.8483114749516082
53a55eb7-963a-480c-89d2-dc5957753e01,Midtjylland,-1,Isolated Store,Rural,0.8304962160951672
9dfa16c2-dd08-42b8-9d0c-13608b3ca666,Syddanmark,-1,Isolated Store,Urban,0.814634161893654
85f2209c-9162-4e53-a277-5aa0d92cfe3d,Syddanmark,-1,Isolated Store,Rural,0.7972865666282347
fe1b32a9-ddd2-485f-8fe6-93af6bfe8808,Midtjylland,-1,Isolated Store,Rural,0.806705029950753
902d3fe7-c4f5-460e-b4de-b232b230c789,Syddanmark,2,In-Cluster Store,Urban,0.8432156823591215
746c1205-366a-4441-9cc6-51e4e6254f66,Midtjylland,1,In-Cluster Store,Urban,0.8172657939524982
8b8a3995-0e9b-4625-aaaa-8f185c136157,Nordjylland,0,In-Cluster Store,Rural,0.8213375696082589
bd9a63ca-5578-48a0-a793-b8adb6d2c5f7,Midtjylland,1,In-Cluster Store,Urban,0.8494439038853342
fa204821-306d-4cb5-9db0-d4cfa9562651,Midtjylland,-1,Isolated Store,Rural,0.824681761365544
73d3e7b2-3325-4fa3-ab79-e59326fde93a,Midtjylland,-1,Isolated Store,Urban,0.8258378646968677
52dca4c7-882e-44d8-9ea5-bb77a818fe74,Syddanmark,-1,Isolated Store,Urban,0.8230511845778606
354e5a9a-4d6f-4b24-a36d-e782728736bc,Syddanmark,-1,Isolated Store,Rural,0.8179862094399738
70215fdb-4481-4cc4-b290-643ad1cf7353,Midtjylland,1,In-Cluster Store,Urban,0.7971162257640676
12480e12-729a-4324-9570-ea1904dc2304,Syddanmark,-1,Isolated Store,Urban,0.8486913562684336
a1deb3ab-828d-4995-9d1f-06317e239fc9,Syddanmark,2,In-Cluster Store,Rural,0.8268281735863332
977c7f98-22e0-4b83-8c0c-7d632dec8c0d,Syddanmark,-1,Isolated Store,Rural,0.792205123751502
299ec483-f3d3-4790-831c-377a9c56a219,Syddanmark,-1,Isolated Store,Rural,0.831742972522666
4a1759ed-fe2f-47e4-ab5f-f2eb2fddc18f,Syddanmark,1,In-Cluster Store,Rural,0.8427144163017906
d9719c92-566f-461a-86b6-9ed9c5d1b9e7,Midtjylland,-1,Isolated Store,Urban,0.8382852971042566
f80a21f3-6c93-4326-8782-8f8a2f6b3dfa,Nordjylland,0,In-Cluster Store,Urban,0.8364533655189975
f1d0653c-99bf-468d-b915-d72fb3c26a4f,Syddanmark,-1,Isolated Store,Urban,0.8207478013208273
02545e07-6585-43ff-bfbf-09a076fc64f0,Syddanmark,2,In-Cluster Store,Urban,0.8167811148511175
8a266e34-6a71-4aee-977a-590718fddec3,Midtjylland,1,In-Cluster Store,Urban,0.82149046782359
3aba940c-f246-400d-a969-c28f33ea7e35,Syddanmark,-1,Isolated Store,Urban,0.8268074569418857
479b6841-5b8f-4005-badb-33e1bb89e1df,Syddanmark,1,In-Cluster Store,Rural,0.8081006578915708
61eaa1ba-649b-4050-bcb9-d5e5585b3ae6,Midtjylland,-1,Isolated Store,Urban,0.8493354724146741
68eabdb2-44f8-42ed-9602-df6bbabcf725,Midtjylland,-1,Isolated Store,Rural,0.8173286005040286
b8cdfc64-d8bf-4794-b1d6-ea12236eea06,Syddanmark,2,In-Cluster Store,Urban,0.8090585175848595
8e0f56a3-b8a8-435f-bb52-dc9c99211425,Syddanmark,-1,Isolated Store,Rural,0.7744517756218369
da2957d5-67ec-4f24-9c49-235b6712e063,Midtjylland,1,In-Cluster Store,Urban,0.8223272763286428
93a6ac26-1f73-49d1-9b22-89a72b340820,Midtjylland,-1,Isolated Store,Rural,0.7962524027058611
8f2b27ec-8456-402c-bea5-d54a5e5c2033,Syddanmark,-1,Isolated Store,Urban,0.8125043554046665
1f0fff4b-2066-42ff-bb96-1fa084f37a73,Nordjylland,-1,Isolated Store,Rural,0.8259920002283675
582feac6-f66a-4fb0-8e83-3fd73c750576,Syddanmark,-1,Isolated Store,Urban,0.7690029652622383
4af97779-68b8-494b-97ac-20ade963a702,Midtjylland,1,In-Cluster Store,Urban,0.820215099268136
2da2b92a-25c8-48cf-a4a1-7c56b4469a02,Nordjylland,0,In-Cluster Store,Urban,0.8031257694547288
ace63c71-2fb5-4327-824e-9fbf57f3aa56,Syddanmark,-1,Isolated Store,Urban,0.7731363011306476
655ea375-e01d-45e4-8344-73d3c670cad9,Syddanmark,2,In-Cluster Store,Urban,0.7937455390127788
9810f2da-f4d3-4282-9e97-a723247aa828,Nordjylland,0,In-Cluster Store,Urban,0.8039495327891991
cc0a422b-fbad-4ca7-a78c-43a46bb0fe5b,Midtjylland,1,In-Cluster Store,Urban,0.8446307671742077
794c0820-9458-45e7-a16c-2b4dce40159e,Syddanmark,-1,Isolated Store,Rural,0.8205524055446933
90dca4a0-2fe2-4c8d-a78a-b208580e03eb,Midtjylland,1,In-Cluster Store,Urban,0.8331325245032672
dca50891-be2a-4211-a1c5-89ca84111e0f,Syddanmark,2,In-Cluster Store,Urban,0.8199581324291418
693666f6-6d9d-4ddd-ae26-9de84aadac57,Nordjylland,0,In-Cluster Store,Urban,0.7896192926073029
9be76475-723b-42f6-a469-eedcf7973199,Syddanmark,-1,Isolated Store,Urban,0.8396797040128652
71579711-6886-4784-acc8-85f3f1241f98,Midtjylland,1,In-Cluster Store,Urban,0.8059872219347715
9850d4e7-33ff-43a3-b9ed-9c95479e8570,Nordjylland,-1,Isolated Store,Urban,0.8235894126173626
a2ae41ba-f16d-45d6-a424-70b34c2ceb92,Syddanmark,-1,Isolated Store,Rural,0.8251680200426799
1fe45d71-61af-4173-80c1-59cae1a28825,Midtjylland,-1,Isolated Store,Rural,0.8384918648047357
448f9506-c0d6-4c43-a4d2-96f7ac9e39a6,Syddanmark,-1,Isolated Store,Urban,0.814543914806004
4edfa4fd-ccbb-44dd-a0f2-efcb5c609331,Nordjylland,0,In-Cluster Store,Urban,0.8149661398404972
8524b747-1c4d-4228-b358-403752d0573c,Syddanmark,2,In-Cluster Store,Rural,0.846367953690995
a1921fbe-f895-4f7e-874c-3f4673c29036,Syddanmark,2,In-Cluster Store,Rural,0.8090974380156373
f14ae3b5-9c98-4bf8-869a-1ec74a1d73a1,Midtjylland,1,In-Cluster Store,Urban,0.8288731869268134
efd13072-4685-4b33-a544-f702b64498b7,Midtjylland,-1,Isolated Store,Urban,0.8268014410839432
df02a15e-42b7-417f-af97-29fcba9a66bc,Midtjylland,1,In-Cluster Store,Urban,0.8507073189487973
3da7639a-8f73-4e41-ac5f-f5ebe5700adf,Syddanmark,1,In-Cluster Store,Urban,0.8397466222328456
5a5a3b85-1c8c-433e-a56c-23f6326306f7,Midtjylland,1,In-Cluster Store,Urban,0.8053505664118666
07631afc-e5b9-4561-a21f-1b72174aff50,Midtjylland,1,In-Cluster Store,Urban,0.8136937271139214
37e57566-70c1-4d2c-a2b0-ef15d3614b38,Syddanmark,-1,Isolated Store,Rural,0.852068000106677
3195edfc-e035-43e6-babf-df8419b85749,Midtjylland,1,In-Cluster Store,Urban,0.8436283817376998
a53f07db-90b0-4816-912a-2779cf29c811,Midtjylland,1,In-Cluster Store,Urban,0.8126530866620084
b42ed786-4021-44d7-ac26-df06e1d7ef37,Nordjylland,0,In-Cluster Store,Urban,0.7950968570485567
eca33645-5b1a-4730-9016-10d6f068e82f,Midtjylland,1,In-Cluster Store,Urban,0.8353972715235717
ef640999-4b98-4eb2-a18b-d5aedeecbaeb,Syddanmark,2,In-Cluster Store,Urban,0.8204792607952381
170b4f1a-a29c-4b07-a391-d7bb23062911,Midtjylland,-1,Isolated Store,Rural,0.8365899923328594
c280fbc4-2fab-4260-84f6-7fba1f2584a4,Midtjylland,-1,Isolated Store,Urban,0.8076159355692961
1c7a633b-05dd-40d4-90d7-4cb8deb37db7,Midtjylland,1,In-Cluster Store,Urban,0.8285505722705213
51d828b9-695c-44ed-bea4-c45a3cf839a8,Midtjylland,-1,Isolated Store,Rural,0.8370516384786103
eb9bffad-3651-4505-9507-71911fb17692,Syddanmark,-1,Isolated Store,Urban,0.8220473383750648
c8966c7d-4ba4-4123-909e-2339c2277be9,Syddanmark,2,In-Cluster Store,Urban,0.8156069491137394
6b20f451-d1ad-43ba-ab20-e75d6174ff0d,Syddanmark,2,In-Cluster Store,Urban,0.8294697489700937
85e8ba7d-7fb2-439c-ba03-d36505d212b5,Midtjylland,1,In-Cluster Store,Rural,0.8476240415501199
bd8e387e-625a-4e8f-bc71-ff3124eb0be7,Syddanmark,-1,Isolated Store,Rural,0.8437869801586443
e289d9b0-6e7a-4a54-a5c4-f0b306f9018a,Syddanmark,-1,Isolated Store,Rural,0.8395342742908157
a5cf1f31-f57c-439d-84c8-f232ff9a24fc,Syddanmark,2,In-Cluster Store,Rural,0.8101778309179545
ad097c83-299a-4699-bcfc-05b3a22a39eb,Syddanmark,-1,Isolated Store,Rural,0.820719239826679
bc87bb9c-3393-4b88-ae6a-70fee09b900d,Syddanmark,2,In-Cluster Store,Urban,0.8116790942637656
3d41657a-5e19-4cc4-9ab1-e783b07d2607,Midtjylland,1,In-Cluster Store,Urban,0.8325916272794023
43c0c172-437a-465f-8b17-c5adf3c2b93b,Nordjylland,0,In-Cluster Store,Urban,0.8018176922006772
dcd139fe-e427-4849-b2c6-aab21e502916,Nordjylland,0,In-Cluster Store,Urban,0.7915603431986117
357ed080-483f-4ed3-a175-8144e0067ef2,Syddanmark,2,In-Cluster Store,Urban,0.8174588386591144
f621a1a1-ee70-4559-9e8f-9dc7ea12be46,Midtjylland,-1,Isolated Store,Urban,0.8566971871733586
8acb7bbf-3154-404c-9580-b95c8ded3e03,Syddanmark,-1,Isolated Store,Urban,0.8031459240566018
ea055cf3-980d-4bb0-b579-90b3e7891754,Syddanmark,-1,Isolated Store,Rural,0.839223743787782
73c5514a-102f-4426-8ece-cbb42f9d1887,Syddanmark,1,In-Cluster Store,Urban,0.80059718192586
a7d29537-e706-485b-aba2-9bed374b8c87,Midtjylland,-1,Isolated Store,Rural,0.8109891772443725
67857bb1-2cc6-406c-9775-3654ecf06d6e,Syddanmark,-1,Isolated Store,Urban,0.81232082295211
0d9a0b11-9c4e-4f86-9d48-ddcecadbac18,Syddanmark,-1,Isolated Store,Urban,0.8261529992614105
af3871bf-c85b-41ff-b5d9-dd6413009a4a,Midtjylland,-1,Isolated Store,Rural,0.8265001611693183
715b8195-1448-4abd-ae46-aea8c72456e9,Nordjylland,0,In-Cluster Store,Rural,0.8176864255421679
97df1790-97f6-4903-9866-6e420fb4942c,Nordjylland,0,In-Cluster Store,Urban,0.8371217063757691
2051b4e8-6c75-47e3-b569-019363bbf623,Syddanmark,1,In-Cluster Store,Urban,0.8172266606351615
0bb89c86-e33d-46d9-9587-85bb914fdcb4,Syddanmark,-1,Isolated Store,Rural,0.8290093904284437
ebaf3094-443b-4626-81ea-178c05b3a840,Midtjylland,-1,Isolated Store,Urban,0.8183509558655848
82a22db4-f968-4925-a0c1-e00d15b4e897,Syddanmark,2,In-Cluster Store,Rural,0.831261839766753
8a19cc0e-bcb3-4994-bbe6-aa2d0dc58906,Syddanmark,-1,Isolated Store,Urban,0.796572128056595
c1eabb50-f642-4c92-8bfd-497c66e03ec8,Midtjylland,-1,Isolated Store,Rural,0.8029556022551088
abfab2ad-2fae-4357-b055-ccdb9da1e8ac,Nordjylland,-1,Isolated Store,Rural,0.8244806004894539
54620e2c-a34c-424e-83ff-36083a012603,Syddanmark,1,In-Cluster Store,Urban,0.8314593467991174
d0f79858-5441-450d-a37e-8c1f74cb375b,Syddanmark,2,In-Cluster Store,Urban,0.8122773229446457
c0988530-cd91-4fc1-99bd-d13f6ee9ee32,Syddanmark,-1,Isolated Store,Rural,0.7991909466794797
338ad4f9-6432-40d9-93eb-e813f7d580e3,Syddanmark,2,In-Cluster Store,Urban,0.8272646619289259
367a22b8-0ff4-4686-99c8-f238e4fb01b2,Nordjylland,0,In-Cluster Store,Urban,0.7895220631558397
c2f7db9e-f3d0-4d35-aa9a-1be4bbccb959,Midtjylland,1,In-Cluster Store,Urban,0.774511157771069
9f5bd205-3118-4d06-800d-cfe65e88dbda,Midtjylland,1,In-Cluster Store,Urban,0.8239859580625322
942ffe1e-49f0-4e77-a28c-6bfa061fb80b,Midtjylland,1,In-Cluster Store,Urban,0.7640088966036331
39c7b39f-1f55-42b4-9084-e9576142c2a3,Nordjylland,-1,Isolated Store,Rural,0.8235488379807265
cc63a1bd-311d-4b80-a048-b2c591a81c20,Syddanmark,1,In-Cluster Store,Urban,0.8166540289425672
393a3e85-dfec-4800-a666-f830532c7b18,Midtjylland,-1,Isolated Store,Rural,0.8161698837012702
b20359e6-194d-4a33-8dcb-05b01afa93c4,Midtjylland,1,In-Cluster Store,Urban,0.795109322861891
43217073-2a0d-4a79-8246-8c31dbb3ed1d,Midtjylland,-1,Isolated Store,Urban,0.8440443722723335
b0b0e446-747a-410a-bc7c-cdae7dd01d2f,Nordjylland,-1,Isolated Store,Urban,0.8103688333838691
be967302-0f59-49f3-94dc-7cdbe60f7cee,Midtjylland,1,In-Cluster Store,Urban,0.8127237548154312
6d7026eb-59f4-4a55-bd85-f38bc3c37183,Nordjylland,-1,Isolated Store,Urban,0.8297982522499207
8ce154b7-1e0b-46b6-8053-e256c7693760,Syddanmark,1,In-Cluster Store,Urban,0.8385112695328368
8b705caa-f879-46b0-b859-485a1611ccab,Midtjylland,1,In-Cluster Store,Urban,0.811910986979051
9d13c9cb-4d85-4fe5-97d5-394896560dfc,Syddanmark,2,In-Cluster Store,Urban,0.8103176573822948
4c9e766e-5a4c-4641-aa07-5d8a89d83db9,Midtjylland,1,In-Cluster Store,Urban,0.8492635517347209
35b67d0f-08e8-434f-86aa-a04ef4917364,Syddanmark,1,In-Cluster Store,Urban,0.7973508040027529
97448272-ace1-47e5-ab9a-08298cedc415,Midtjylland,-1,Isolated Store,Rural,0.8093907346420233
b4a4442c-eeae-48a1-bf34-7a841bb21dd4,Syddanmark,-1,Isolated Store,Rural,0.8285495624399709
4611d9a9-b373-43ec-a818-f95faa937465,Midtjylland,1,In-Cluster Store,Urban,0.8174274103143169
8f4e80ac-36c0-42ca-aa43-a1f6eb7d3a1a,Syddanmark,2,In-Cluster Store,Urban,0.8018821905484207
5cac643b-154d-4e81-8e49-0fde5cca79e7,Nordjylland,-1,Isolated Store,Rural,0.8137024583142173
e9df712b-2a8c-4a89-bc82-fc467277435f,Midtjylland,-1,Isolated Store,Rural,0.8137020498283848
93314bfc-8ab5-4763-873f-e32f34d85af2,Syddanmark,-1,Isolated Store,Rural,0.8347404423683455
287be12a-741b-407f-ba4a-0a2c1238ec50,Nordjylland,0,In-Cluster Store,Urban,0.8002883217784443
aa1f5b85-0a6a-47d8-8c90-d98bd48d45ba,Syddanmark,-1,Isolated Store,Urban,0.8089433778898056
3f9a1a12-c210-4e7f-876c-f78e15cc9105,Syddanmark,-1,Isolated Store,Rural,0.8148723893300258
43fe0899-d4e6-40a4-b9ac-d32c6ae15f8e,Midtjylland,1,In-Cluster Store,Urban,0.8008372967593809
32765af8-0caa-4403-8d1c-594395216b89,Midtjylland,1,In-Cluster Store,Urban,0.8321664282639517
630ab4f0-24d3-45a0-b51d-b50613dac71a,Syddanmark,1,In-Cluster Store,Urban,0.8352045974690757
ab7f5bec-7ee9-46bf-9b34-bbc9b3ac5c80,Nordjylland,0,In-Cluster Store,Rural,0.8161764919033108
70bd812b-1bda-432a-bd9e-0024d3ee06f5,Syddanmark,1,In-Cluster Store,Urban,0.8367334182386754
e4ae1d5f-58de-4d5d-95b5-c36d683327e3,Syddanmark,-1,Isolated Store,Rural,0.8136558778849748
5618c487-6719-4c86-8a49-64bb59bbb880,Nordjylland,-1,Isolated Store,Rural,0.8447826338716868
78c129a0-6273-475f-9640-cec700f11948,Midtjylland,1,In-Cluster Store,Urban,0.7645652976472164
5929ece2-5665-49d1-a759-7d29507f7d9f,Syddanmark,-1,Isolated Store,Rural,0.8283480560954389
6f9372d6-d1e4-41a3-8188-676ed1a1ddb5,Syddanmark,-1,Isolated Store,Rural,0.8128066799996796
2784b144-8dc4-4963-8fa0-b6b564467544,Midtjylland,-1,Isolated Store,Rural,0.810751451843564
c4cd9331-1892-472d-9a53-4758cef2d348,Syddanmark,2,In-Cluster Store,Urban,0.8039369706533807
8b27d688-86c0-4f1b-8a09-0e4f5e336062,Midtjylland,1,In-Cluster Store,Urban,0.831032671912083
e0c7a7f3-9d3e-46b3-8d98-e303ed0849b4,Syddanmark,-1,Isolated Store,Rural,0.8352901187933196
12ef5187-8280-4593-be23-87dadb4fa85f,Midtjylland,-1,Isolated Store,Rural,0.8014564410308516
270e2835-85f7-4452-8bc3-6f936ec2794e,Syddanmark,1,In-Cluster Store,Urban,0.8311693886393499
1b160fb3-dc13-4142-ad7f-ed0c943b33e7,Syddanmark,2,In-Cluster Store,Urban,0.7886834021011716
12430e71-3120-40f0-96d0-e9f2d936ff87,Nordjylland,0,In-Cluster Store,Rural,0.8010971352747662
80bf47ae-31b9-464b-a6b6-2b3927bc37cc,Nordjylland,-1,Isolated Store,Rural,0.807981790532027
f184220d-0621-48eb-8f34-0c8c843b3764,Midtjylland,1,In-Cluster Store,Urban,0.8262360553087481
28cd4569-01e6-4c5b-a612-1af1e588650e,Midtjylland,-1,Isolated Store,Rural,0.7992138437786533
d79a8bed-979f-4689-a8ca-8c203d39a4e6,Midtjylland,-1,Isolated Store,Rural,0.8485077613221137
3e259e05-fc26-424a-a503-5f06f357d169,Syddanmark,2,In-Cluster Store,Rural,0.8066748924844744
3e029c56-e57a-47d2-b054-eb14292b4665,Hovedstaden,4,In-Cluster Store,Urban,0.7649849097269386
0e7e2810-a62d-4cae-ac39-7938188cc0d6,Hovedstaden,4,In-Cluster Store,Urban,0.7987545163762764
cf6ebdd4-c54f-4f40-bf92-a2c635617719,Hovedstaden,4,In-Cluster Store,Urban,0.8025376786599703
75bf0949-0fe2-4e83-8e85-e71d98844f0f,Hovedstaden,4,In-Cluster Store,Urban,0.7927298018233059
683d62ae-1aae-4878-b345-b99ec5cdf541,Hovedstaden,4,In-Cluster Store,Urban,0.7638952980924193
6b0c387c-67b3-4a1f-bb5f-c63dfd9218a6,Hovedstaden,4,In-Cluster Store,Urban,0.8055330121439417
1d692e16-0ff9-4b3f-938e-1a755682fbcd,Hovedstaden,4,In-Cluster Store,Urban,0.7965236581260431
1b60951d-d8a0-4316-8c2a-f409ce96118b,Sjælland,4,In-Cluster Store,Urban,0.8322344576583117
5e08422f-adaf-4109-bfd7-b36f3f6009d5,Hovedstaden,4,In-Cluster Store,Urban,0.7941518282878733
d8ffba6d-7540-4387-9701-33ced9b8446e,Hovedstaden,4,In-Cluster Store,Urban,0.8326645589108814
90fbc97f-35a8-4a24-a88f-a25451cf736b,Hovedstaden,4,In-Cluster Store,Urban,0.8013670814909096
01dd4e7f-6fe3-4be8-867c-7f2b379b6d2d,Hovedstaden,4,In-Cluster Store,Urban,0.764493887630433
1b948f26-d987-4547-83ab-274d55f1f330,Sjælland,-1,Isolated Store,Rural,0.8359988080406808
1ea61b5f-aa8c-432c-8cb8-b63df6a72fc9,Hovedstaden,4,In-Cluster Store,Urban,0.83032242133103
decd8b10-dfc3-4082-90ed-2a219a52c8ca,Hovedstaden,4,In-Cluster Store,Urban,0.7609290554288799
c0a65570-c3a2-47cf-8116-6a1bedff45a7,Sjælland,4,In-Cluster Store,Urban,0.8181923752158763
9e4ab9b7-c816-4251-a1ae-76a2c2fe5c19,Hovedstaden,4,In-Cluster Store,Urban,0.8035577094944959
3bb5b0b9-3ebc-44b0-9189-c99b3560b3ee,Sjælland,4,In-Cluster Store,Rural,0.8174072951273242
40388fb2-588c-4166-8517-986c75372c95,Sjælland,-1,Isolated Store,Rural,0.8434507450078285
45900cca-84aa-447a-a10b-95f021135e55,Hovedstaden,4,In-Cluster Store,Urban,0.7479978280480666
118d8c5b-221f-47ff-96ea-39a5ee601290,Hovedstaden,4,In-Cluster Store,Urban,0.804732706655332
7f14a7b7-43da-4ed7-a2c2-69ae173e0d1f,Hovedstaden,4,In-Cluster Store,Urban,0.8071473325641603
df192b7d-efcc-4514-af0e-0afd76e7ac96,Sjælland,-1,Isolated Store,Urban,0.7972158609566942
88036bbd-d2ce-43c0-a99a-e30914175c08,Hovedstaden,4,In-Cluster Store,Urban,0.7952028831523825
c49043ed-04eb-4b2a-b8a9-935da4c65bbf,Hovedstaden,4,In-Cluster Store,Urban,0.7816768848901082
e98ce884-e2fa-47d7-9cf9-d78d0fc2aa88,Sjælland,4,In-Cluster Store,Urban,0.8080912800374914
ee335758-0a59-4915-a93a-b30d83f351aa,Sjælland,-1,Isolated Store,Rural,0.79491080681508
04c0ea22-a54b-4f14-a10f-e16eb2d68d38,Hovedstaden,4,In-Cluster Store,Urban,0.7872548574998828
e005b409-9ea7-4506-a444-07f419b6ee5e,Hovedstaden,4,In-Cluster Store,Urban,0.7637984000808313
2c08133b-b956-4c51-b2ef-6e4e4bce865a,Hovedstaden,4,In-Cluster Store,Urban,0.8094118150347873
8b7eb697-d505-431f-ad89-835d324cf2e7,Hovedstaden,4,In-Cluster Store,Urban,0.7965943672626242
63765d8a-71a2-45a7-b1ce-a63b8cec8ed1,Hovedstaden,4,In-Cluster Store,Urban,0.8070582108413265
dd48e5eb-7c35-41aa-8e25-4271440ef818,Hovedstaden,4,In-Cluster Store,Urban,0.8046271993072018
31771d71-6522-4443-9cff-1807f5d155bc,Sjælland,4,In-Cluster Store,Urban,0.8180742614579848
72b00e0c-2b1d-4348-83d8-132aad2bb7a8,Hovedstaden,4,In-Cluster Store,Urban,0.8114027492948229
24b395f7-c4af-4f27-963a-36a798c779f0,Hovedstaden,4,In-Cluster Store,Urban,0.815993494595365
bbffe534-a792-47a1-bb3f-97182d9927eb,Sjælland,-1,Isolated Store,Rural,0.8068190958691053
7f0275f8-6008-436b-91fb-45e8dfcf9c0b,Hovedstaden,4,In-Cluster Store,Urban,0.7991946454959252
954bc3c8-06a7-47e1-9409-19be9d80e045,Sjælland,-1,Isolated Store,Urban,0.8377061125530122
858aa3f6-3baf-47f5-92ca-af3b6fca423a,Sjælland,4,In-Cluster Store,Urban,0.7971177459959565
963defde-51f0-4374-b645-2b6d99ccf316,Hovedstaden,-1,Isolated Store,Urban,0.8111664111871971
83c07b9d-b960-456e-9d16-f0b3b066bea8,Sjælland,-1,Isolated Store,Rural,0.8171950217042703
be3b2418-cdf6-4131-bd50-a187bff83ea7,Hovedstaden,4,In-Cluster Store,Urban,0.7918536412903238
a61dd9c9-aac4-43ef-a942-d4a1c7c5e73e,Sjælland,-1,Isolated Store,Rural,0.8155251273885253
0fdfea98-1888-4ce1-b19b-38e80cfb8bb5,Hovedstaden,4,In-Cluster Store,Urban,0.8051605433464102
910841d7-8561-493c-a10e-6e2eae31f60a,Hovedstaden,4,In-Cluster Store,Urban,0.7973632018294534
d6bce993-b26c-4261-823f-5bc2eeacbf8e,Sjælland,3,In-Cluster Store,Urban,0.818037676399013
a431c9ff-1393-4b2f-84fd-0a849c8f0533,Hovedstaden,4,In-Cluster Store,Urban,0.7751061069080138
b1554c86-3716-4c5c-8d36-95fecb5fa001,Sjælland,-1,Isolated Store,Rural,0.7935437976898233
d852076a-0891-4973-8bd8-364bcd1e3ea8,Sjælland,-1,Isolated Store,Rural,0.8017428425310246
10a8f7be-b28b-4058-8bae-630b77ab140e,Sjælland,-1,Isolated Store,Urban,0.7867377996731906
a59e7253-3dbf-4e11-b810-4becf732bf12,Sjælland,-1,Isolated Store,Rural,0.806202199302979
b65534bf-4371-4210-8a06-6219fab96f80,Hovedstaden,4,In-Cluster Store,Urban,0.752913023498111
58c6ae18-e0f4-4c75-9525-7bd5e6ee9dbf,Hovedstaden,4,In-Cluster Store,Urban,0.7914593564309665
f9237d4c-617e-4066-9ad9-15f98becfde4,Sjælland,-1,Isolated Store,Rural,0.8117769716436228
eecd063f-307c-4be2-a3db-f7f311341bc8,Hovedstaden,4,In-Cluster Store,Urban,0.8223368443557323
a4a5d7f7-462d-4233-a43c-b3927c6e322a,Sjælland,-1,Isolated Store,Rural,0.8361593255658244
53a3ee1e-51b2-47e2-8ffd-ee7ba5f4d618,Sjælland,-1,Isolated Store,Rural,0.8065722053385956
c41aaac9-b98d-4eee-a898-83226db622ff,Hovedstaden,4,In-Cluster Store,Urban,0.7954534067155887
ea699765-e89a-4528-9b23-27edea8f93b4,Hovedstaden,4,In-Cluster Store,Urban,0.8117994666065002
30c80533-e12f-493a-800e-254e79e97e9d,Hovedstaden,4,In-Cluster Store,Urban,0.7811632180995747
9d6bed8f-207c-4c8d-bba2-ce11b913e624,Sjælland,-1,Isolated Store,Urban,0.82808215086844
d32e0db1-c1a6-4a23-a3a8-9d7247b85efe,Sjælland,-1,Isolated Store,Urban,0.8179881628770034
f23e6a78-f020-47d4-96cc-3dce82af7bc3,Hovedstaden,4,In-Cluster Store,Urban,0.7958993360285812
34668433-3562-4edb-a42e-d10776c65346,Sjælland,-1,Isolated Store,Rural,0.8020146175269763
6cdf90cb-f84c-480a-b49c-93f26c59b417,Hovedstaden,4,In-Cluster Store,Urban,0.7876793289133109
8d5162d7-8bfb-43e0-9aae-fce045e7caf8,Sjælland,-1,Isolated Store,Rural,0.7719166840396318
6408ed3e-5581-49aa-8ddd-9bfae159b020,Hovedstaden,4,In-Cluster Store,Urban,0.8474292211851209
e91fb08c-e629-4229-82b2-aa77a1a744b7,Hovedstaden,4,In-Cluster Store,Urban,0.8148520323121916
d5d6c96f-c5d7-431f-aeb4-5f8b8c3cd2ad,Hovedstaden,4,In-Cluster Store,Urban,0.7856323500634049
0f389643-3ec8-44e3-b8e1-e00b90688f78,Hovedstaden,4,In-Cluster Store,Urban,0.8456947106577254
db00f1e7-7245-4d6b-b4ca-579a697e2d9f,Hovedstaden,4,In-Cluster Store,Urban,0.8203813569444736
b6904434-c789-469c-a2f6-5b1d764b7dd2,Hovedstaden,4,In-Cluster Store,Urban,0.8367866504736298
9a6b138c-36cc-469d-93da-c146cd8a5cbf,Hovedstaden,4,In-Cluster Store,Urban,0.7182541264556661
8e904fbc-08a3-481f-b7f4-bf0ad073afdd,Sjælland,-1,Isolated Store,Rural,0.83002868388676
b7847809-4835-4bfa-9056-9cbb53046c47,Sjælland,4,In-Cluster Store,Urban,0.776495442432848
7c07a4a0-9600-472b-a823-ab67edab1371,Sjælland,-1,Isolated Store,Urban,0.801090971963331
5430c265-d03b-4b30-856d-3ec74966df52,Hovedstaden,4,In-Cluster Store,Urban,0.8195784515733662
96420a8f-6a70-4206-9e5e-a7b27716ac1c,Hovedstaden,4,In-Cluster Store,Urban,0.8154046867775964
18c42bd2-652c-459a-8530-b55b89f8f424,Sjælland,4,In-Cluster Store,Rural,0.8272466560929131
ecb1cb0d-eeeb-4db7-8c89-00490645e4dc,Sjælland,4,In-Cluster Store,Rural,0.8267562610137588
f17ca67b-9e0f-49fb-938b-ad124dc3e6db,Hovedstaden,4,In-Cluster Store,Urban,0.8230723078745402
83af643a-3518-41cd-86ac-18ffc9930bb3,Sjælland,-1,Isolated Store,Rural,0.7867733498533038
d34f8611-d877-4789-bfc0-d9ba24f871c7,Hovedstaden,4,In-Cluster Store,Urban,0.797300612254392
ac23b0ef-a76b-409c-ab87-4e85834912a4,Hovedstaden,4,In-Cluster Store,Urban,0.7903134751752741
0f182434-ec16-4134-ac04-3068f711843e,Sjælland,3,In-Cluster Store,Rural,0.8433791607480439
78b1c192-44c8-4656-a2d6-95463e8a4ec4,Hovedstaden,4,In-Cluster Store,Urban,0.8247280454785162
70c07152-6cca-4fb6-a330-4398c8c24969,Hovedstaden,4,In-Cluster Store,Urban,0.7513558366972589
4711cf77-5baa-40a7-8498-40ce33fbfb82,Sjælland,-1,Isolated Store,Urban,0.8274702352547066
ce5c7962-2fac-4ddb-b7f5-2580fd471289,Hovedstaden,4,In-Cluster Store,Urban,0.7857762082197864
1b73e2ae-735a-4bcd-bb20-1212106c4180,Sjælland,3,In-Cluster Store,Urban,0.8012832758411621
769204f1-d8e4-41fb-8b9c-0b8b8f885376,Sjælland,4,In-Cluster Store,Urban,0.8028491724181934
07a93352-73dc-4ce3-9de3-60496d7572c2,Hovedstaden,4,In-Cluster Store,Urban,0.732699438845793
1deff915-4d8f-4505-97b8-d42275adedba,Hovedstaden,4,In-Cluster Store,Urban,0.7996754225591146
ed3142ef-9bc8-4536-8a8b-2c6e5071d2d0,Sjælland,-1,Isolated Store,Rural,0.8086646785011512
7bde9d6f-8928-4eea-ba67-ac6c4ea5e8db,Hovedstaden,4,In-Cluster Store,Urban,0.8022379626676799
44707579-2cac-4153-a297-a45332d1dc50,Hovedstaden,4,In-Cluster Store,Urban,0.8108415041808588
ee8467c2-323f-45d9-ae07-a1d3be49d812,Hovedstaden,4,In-Cluster Store,Urban,0.7901864815651388
a0ec7a09-c39a-44b9-b1ad-09b37cab818b,Hovedstaden,-1,Isolated Store,Urban,0.7961158488356178
ad4b20f7-c9aa-47ba-b9d2-eb51b186323b,Hovedstaden,4,In-Cluster Store,Urban,0.7842494154910439
63bd1185-7e0b-4c65-8e43-7a0473585542,Sjælland,-1,Isolated Store,Rural,0.8194983617958963
cf409c7c-968b-4b80-a69f-e33c8ad0c26e,Hovedstaden,4,In-Cluster Store,Urban,0.7703159817170252
11e81965-a0dd-4c42-81b8-20ba9a173ff1,Hovedstaden,4,In-Cluster Store,Urban,0.813827652316221
b467f2e1-02c6-459b-9feb-e69c8ee8005d,Sjælland,-1,Isolated Store,Rural,0.8231332648218617
c8260737-ef28-4075-a4fb-e67afcbf18fb,Hovedstaden,4,In-Cluster Store,Urban,0.7923409519826593
8daddc4d-1d4b-4f02-972b-ccab39440062,Hovedstaden,4,In-Cluster Store,Urban,0.7611128410427748
4db31bb1-04f9-4eec-b284-92832794e889,Hovedstaden,4,In-Cluster Store,Urban,0.8057322966024886
162ceb7d-24c6-43c9-a826-942e78656a73,Hovedstaden,4,In-Cluster Store,Urban,0.8049794475591177
594ead4a-ef86-4b34-baa1-6bb8b0bbd880,Hovedstaden,4,In-Cluster Store,Urban,0.8128669039265225
37897bf3-e2bc-48bd-8dc4-34c8104d0d97,Hovedstaden,4,In-Cluster Store,Urban,0.8160120320459798
3bffe23b-1d95-4370-a03a-65fbf55ce77a,Hovedstaden,4,In-Cluster Store,Urban,0.8193313073756382
0d76aabc-0953-481a-a3e1-de02e7fd0913,Sjælland,4,In-Cluster Store,Urban,0.786957933935169
1c9d1304-26c5-4f29-903c-81912161df99,Hovedstaden,4,In-Cluster Store,Urban,0.7593747828627504
e2d0d855-02ee-4f51-858c-ca6022ca74c9,Hovedstaden,4,In-Cluster Store,Urban,0.7906492919317722
47dcf695-104f-4b90-a732-b8106ff029e6,Hovedstaden,4,In-Cluster Store,Urban,0.8276211651828148
4f686649-0035-4b1a-9da5-5f0f83dc9c54,Hovedstaden,4,In-Cluster Store,Urban,0.7831230473570336
7f3d9e26-1924-42df-baf1-db2d89979028,Sjælland,-1,Isolated Store,Rural,0.8143878181281174
5d217956-c6e1-409d-b7a7-64d469246c1b,Hovedstaden,4,In-Cluster Store,Urban,0.7893695092622691
edfa1a6c-552a-40f4-9b49-9081f800bed6,Sjælland,4,In-Cluster Store,Urban,0.8427561904505911
d3fe957d-8614-47a8-85a4-57423ca462ff,Hovedstaden,4,In-Cluster Store,Urban,0.7838449830229812
b0731b1a-d43a-4220-8ec2-f895f61b3b87,Hovedstaden,-1,Isolated Store,Urban,0.8259624019264384
ad8cc733-2b8f-491e-a675-8143a18c99c5,Hovedstaden,4,In-Cluster Store,Urban,0.8046013234221584
4f246472-6434-4ec1-9150-ba88270efb1b,Hovedstaden,4,In-Cluster Store,Urban,0.78745330732702
80c9402d-4d0d-4b67-8887-62a7cfefedf5,Hovedstaden,4,In-Cluster Store,Urban,0.8206738103668367
95c7972a-f2ee-43d7-bab1-d3427012abbc,Sjælland,4,In-Cluster Store,Rural,0.8066824013278028
92fea766-a547-429d-bd67-1b74dcc0ef76,Hovedstaden,4,In-Cluster Store,Urban,0.8044680809769899
abf645e5-2c6d-4518-80b7-f3c489a85d35,Sjælland,4,In-Cluster Store,Urban,0.82340370566035
dffb3fd3-6a18-4657-ab3b-ea200a2b7249,Sjælland,3,In-Cluster Store,Urban,0.8060736248614686
b6e6b4d2-5883-4c02-8bc6-c4b70e446481,Hovedstaden,4,In-Cluster Store,Urban,0.7502819648651664
451116d7-397d-4751-b09d-fbbb35520065,Hovedstaden,4,In-Cluster Store,Urban,0.7735051529274599
31e281af-cbf0-4131-8957-843997b8b15f,Hovedstaden,4,In-Cluster Store,Urban,0.8228500208053097
63f2324e-f361-42eb-ad05-a3afffdde74e,Hovedstaden,4,In-Cluster Store,Urban,0.7818532418127371
2e250028-4bcf-4fc4-9618-0dcb45b47c2e,Sjælland,4,In-Cluster Store,Rural,0.8125146425966319
43e7cc35-a9e8-44c6-b136-8a2beb2575cd,Hovedstaden,4,In-Cluster Store,Urban,0.8260140269018245
5cb1d0ae-e5cd-4a2a-bf85-0abe7ecf650b,Hovedstaden,4,In-Cluster Store,Urban,0.7691183475170456
27a57039-df0e-4fea-a62b-c5ea34ffd9db,Hovedstaden,4,In-Cluster Store,Urban,0.767807273956661
4eaee1da-1216-4562-b53b-6ac979ba04f3,Hovedstaden,4,In-Cluster Store,Urban,0.8025981070043217
da49458c-f21c-4486-8f8a-c410c85e0944,Hovedstaden,4,In-Cluster Store,Urban,0.8176288589884415
aa777e4b-5ac8-41b1-8da3-c2f6096e16e6,Hovedstaden,4,In-Cluster Store,Urban,0.8066529126842107
048d6fed-fc65-40af-ab98-1510c478046d,Hovedstaden,4,In-Cluster Store,Urban,0.7589350338289026
fa8b4051-d9f8-4597-9f7a-32636996b859,Hovedstaden,4,In-Cluster Store,Urban,0.8149309398485617
2588314b-a1ce-478b-9b96-2c17225f784f,Hovedstaden,4,In-Cluster Store,Urban,0.7856590399264064
135e2d58-8ccc-46bf-b5ea-356a4e4eb772,Sjælland,-1,Isolated Store,Rural,0.8078088615589161
3760433c-e3e1-4991-b8ed-c81012b51fd0,Sjælland,4,In-Cluster Store,Urban,0.8418789672405358
a967ecd1-a0d3-40d6-ae20-1a850b056867,Hovedstaden,4,In-Cluster Store,Urban,0.815235239258403
02ac52b2-0d37-430e-8284-e950bdda7a0f,Hovedstaden,4,In-Cluster Store,Urban,0.8124092670349123
5ebb4f99-7125-470e-9e31-a638b1b65af2,Hovedstaden,4,In-Cluster Store,Urban,0.7625435678449438
63b3041a-a608-4974-ba95-769c50bc682c,Sjælland,-1,Isolated Store,Rural,0.8149406532704504
bf7326e7-92bf-42b5-922f-af3ec466be1f,Sjælland,4,In-Cluster Store,Rural,0.7980670594041943
9fe5e73e-dc8b-4a0f-9e6c-d7e921f46e3a,Hovedstaden,4,In-Cluster Store,Urban,0.7936673106164638
a9bb534a-28f6-45d4-b201-b20efa4909dc,Hovedstaden,4,In-Cluster Store,Urban,0.7571932223154555
e75bd2d1-cf4d-4347-9faf-dce3ff2238a2,Sjælland,3,In-Cluster Store,Urban,0.7970780179106369
7062ea13-f17f-460a-b6a2-e6cdb33f369f,Sjælland,3,In-Cluster Store,Urban,0.8169106834594203
cb1fdce2-9862-453b-8d22-a6d9abb2eaaf,Hovedstaden,4,In-Cluster Store,Urban,0.7903027704849735
175b1624-98c7-43d2-a708-81bed89707ab,Hovedstaden,4,In-Cluster Store,Urban,0.7891283406114319
d023430c-a247-4d90-9f61-b05ee17eeb3a,Hovedstaden,4,In-Cluster Store,Urban,0.7326004798583589
905a219d-0e22-4818-916d-06fd5fc38999,Sjælland,4,In-Cluster Store,Urban,0.8157610779154737
4cae61c0-a460-4f1c-8ac1-d9e6dc06e03f,Hovedstaden,4,In-Cluster Store,Urban,0.7997251766684443
eb3de01e-ef43-4ce4-8de8-cbcaea2c860b,Sjælland,4,In-Cluster Store,Rural,0.8093509261646757
32bb4a1e-a546-4ab1-b803-4cd95c2fe801,Sjælland,4,In-Cluster Store,Rural,0.7992928090281858
1ce49718-7226-4002-9006-4e1350220ef9,Hovedstaden,4,In-Cluster Store,Urban,0.7739938717150309
713763ba-977a-4d84-b16d-a6017b9091cd,Sjælland,-1,Isolated Store,Rural,0.7855024629422185
aa041099-fff7-42c5-bac8-c87a01f6f188,Sjælland,4,In-Cluster Store,Urban,0.8028183021610084
4bbb887b-3d52-4cf2-9846-a094a2f36ebd,Hovedstaden,4,In-Cluster Store,Urban,0.8132671663747943
d7642f0b-8fdb-4794-bdda-e9d36d4b7c66,Hovedstaden,4,In-Cluster Store,Urban,0.8071414573046606
1b6a1a0d-de37-42dc-877f-921f079f8d82,Hovedstaden,4,In-Cluster Store,Urban,0.807658761138339
2d2abc82-d89b-48ea-a29c-37c27aa43a0b,Hovedstaden,4,In-Cluster Store,Urban,0.7821402295219104
82a3d180-d56a-4d07-97fd-52de877e2d3d,Hovedstaden,4,In-Cluster Store,Urban,0.8342469795091069
7abf7dc3-b7c1-4637-8e0c-dab93c0cb164,Hovedstaden,4,In-Cluster Store,Urban,0.7668425791891458
b4d0c52f-3642-4883-bd3c-bfd24492d18a,Hovedstaden,4,In-Cluster Store,Urban,0.8019661068751438
1d0ee0d4-9b92-40b6-b799-6936b8742828,Midtjylland,1,In-Cluster Store,Urban,0.8105386278598485
0e4f3d57-0b2a-400b-bc77-d737763dd2c7,Sjælland,3,In-Cluster Store,Urban,0.809382741301544
7d367866-6e6a-4d1b-b44c-7c55507ecb97,Syddanmark,2,In-Cluster Store,Urban,0.8116798317308367
e7f1523a-5e3f-4b03-8b77-a50b5a5e2cf1,Syddanmark,2,In-Cluster Store,Urban,0.8102290059239795
9b52fe32-12ad-49b6-af0a-d75cfeceeca6,Midtjylland,1,In-Cluster Store,Rural,0.8061132990336519
6ee54581-9368-4fed-9129-11758c2925cb,Syddanmark,2,In-Cluster Store,Urban,0.8150311495451383
9d056cf1-484f-465c-9017-c1bfc32a7b6d,Syddanmark,-1,Isolated Store,Rural,0.863586926181359
37e7e938-867a-425a-9de4-450f0b636dba,Midtjylland,1,In-Cluster Store,Urban,0.8414933397020683
1f6d72bb-5f31-4720-9372-84977fbc3932,Midtjylland,1,In-Cluster Store,Urban,0.8160035062627274
5969dc43-af1d-4c01-8bf0-d943d4412974,Midtjylland,1,In-Cluster Store,Rural,0.7752667402047838
0e336e9d-3362-4c30-9a09-50e5804b92fd,Midtjylland,-1,Isolated Store,Rural,0.7805491831228397
687e966c-55bf-4765-a5cc-f3637fc1de49,Nordjylland,-1,Isolated Store,Rural,0.8189474902187146
936003b3-87fc-4024-8026-1a540b129117,Midtjylland,1,In-Cluster Store,Urban,0.817354822149913
6b87cd2b-ae47-47a9-a497-9cbcbfa1e01d,Syddanmark,2,In-Cluster Store,Urban,0.8086858954147069
d63ee715-6357-4066-ad5a-25771f4460e9,Midtjylland,-1,Isolated Store,Rural,0.8183248378147996
7c06843e-3bcc-4b57-83b0-42262e56bc7d,Midtjylland,1,In-Cluster Store,Urban,0.8228734669521917
83543400-dd41-4432-8748-8d900bf6ee6b,Nordjylland,-1,Isolated Store,Urban,0.8096169729706326
52dae892-f661-4368-9c51-e8834871d99f,Sjælland,4,In-Cluster Store,Urban,0.8329324878470433
861b69ce-d460-48b6-b1cf-6ed827f506d7,Hovedstaden,4,In-Cluster Store,Urban,0.8192429461224566
4918f1f8-7261-4230-ad52-a4b53f2e3083,Sjælland,-1,Isolated Store,Rural,0.8083363049741125
3c49bbee-03a0-4966-b431-ea65d0e9992d,Hovedstaden,4,In-Cluster Store,Urban,0.8237974631132596
e2c4892d-467d-472d-ad83-905ee4ab0950,Sjælland,4,In-Cluster Store,Urban,0.8251594890921291
b0a00400-cfcf-4bab-a34e-e7233dde4bc8,Hovedstaden,4,In-Cluster Store,Urban,0.7686055208451713
7a32fc91-9235-4441-84e6-4f28e2817a61,Hovedstaden,4,In-Cluster Store,Urban,0.8084587998318208
1b675388-1c81-4c11-84c6-c9aaaa4d2402,Midtjylland,1,In-Cluster Store,Urban,0.814980618382516
fbc66aa7-c12e-4a9f-a4bd-8434bc251ca8,Midtjylland,1,In-Cluster Store,Urban,0.8037782673761703
098ad29e-c92b-4ebb-a58a-f32a79af01ec,Nordjylland,-1,Isolated Store,Urban,0.8429547867938437
1a8fa9ef-79c0-4b68-b5af-d19249cb6f4a,Syddanmark,-1,Isolated Store,Rural,0.7953255142911592
ede9b435-fdb9-4e86-9035-db4c38f38c4c,Midtjylland,1,In-Cluster Store,Urban,0.8141788231297685
92dfabc5-2fe3-4d6d-aea4-1cfd90d671cb,Hovedstaden,4,In-Cluster Store,Urban,0.8051259178143816
f610a550-6089-49a4-b145-1eb7c496fc27,Sjælland,4,In-Cluster Store,Urban,0.7908408928125296
caeb0b46-f817-4dc0-b1de-b255656fc3a6,Hovedstaden,4,In-Cluster Store,Urban,0.7997507805060208
458faa1d-3692-47ee-98b8-8217c9539ee4,Hovedstaden,4,In-Cluster Store,Urban,0.8062864866794471
550c219f-55ff-4d6c-b662-24a2300d1908,Hovedstaden,4,In-Cluster Store,Urban,0.755382132819045
070f859f-36b2-488d-be58-1c97380560b1,Midtjylland,1,In-Cluster Store,Urban,0.8128896024184454
a5c45178-d2a9-4df4-8df0-b32371904468,Hovedstaden,4,In-Cluster Store,Urban,0.7924166864460567
0dc55476-3591-4826-ba04-9d133ab96d61,Syddanmark,1,In-Cluster Store,Urban,0.8374252021648848
6a5160ae-f6a5-46c8-8533-bc2cbc6587dc,Sjælland,4,In-Cluster Store,Rural,0.8279179612525208
049a49b9-91e8-421d-bab0-d1a783d0f282,Syddanmark,1,In-Cluster Store,Urban,0.8331740679475474
33e116df-7c1f-475a-8df3-e289c6c0c80f,Syddanmark,2,In-Cluster Store,Rural,0.8353827064882756
9d3a54a2-b3c7-429a-b2f5-a286183dfe54,Hovedstaden,4,In-Cluster Store,Urban,0.7704918345318957
6d53baf8-1077-4c29-89d0-24ab1f5cbf16,Hovedstaden,4,In-Cluster Store,Urban,0.7676411440719598
7ad81f8a-ed1f-4d77-b726-5742ce15fd9b,Hovedstaden,4,In-Cluster Store,Urban,0.7920658746588215
7b4a93f9-5ed9-4417-8cd2-60473a7e0aff,Syddanmark,-1,Isolated Store,Rural,0.8066010557780381
04163160-36b2-45b4-9100-10934c0d8599,Midtjylland,-1,Isolated Store,Urban,0.830266981918689
8687eb83-88d0-4e7e-a87d-5d2297ad00ec,Hovedstaden,4,In-Cluster Store,Urban,0.81671370950539
41c97a86-9e30-4ab0-b9dc-637f63053e6a,Midtjylland,1,In-Cluster Store,Urban,0.7874986089033366
c65bfb92-a969-4b8d-a684-fd0dd1864618,Hovedstaden,4,In-Cluster Store,Urban,0.8153920086138127
4b530258-6f65-4b4d-a7fb-aeeb68e0d065,Nordjylland,-1,Isolated Store,Rural,0.8321083830478059
7de522de-9255-4f02-9015-40fd8bab3ecd,Midtjylland,1,In-Cluster Store,Urban,0.818051308255463
59790dc9-193f-4a81-a89b-35329933b0fa,Nordjylland,0,In-Cluster Store,Urban,0.804048137563079
dfc10374-5636-4e94-9bdc-f928bc799903,Syddanmark,-1,Isolated Store,Urban,0.8075617427595814
b9311150-a24e-4fa4-8d48-a6de93673f9f,Hovedstaden,4,In-Cluster Store,Urban,0.8029666954680736
150f7992-2016-4075-a2f3-2a2f7c8ab7b2,Nordjylland,0,In-Cluster Store,Urban,0.7473984897894901
1c889a25-0c79-4b60-ac8e-d3fc0dcbe8a4,Midtjylland,1,In-Cluster Store,Urban,0.8205340070283574
b1130d37-2505-4355-862b-01485c7620e7,Hovedstaden,4,In-Cluster Store,Urban,0.7389709851192244
a8dfe78a-ade9-4876-98ea-492b4fa7cb75,Midtjylland,-1,Isolated Store,Rural,0.7755867904873056
42e25b24-1fda-4d28-82f8-5ceb532bda8e,Hovedstaden,4,In-Cluster Store,Urban,0.806390871923331
ec4c1f0c-ea26-42e8-8a17-2e05f2f24b9e,Hovedstaden,4,In-Cluster Store,Urban,0.8200109679842207
99f54e32-0e39-4259-8fdd-fa9b6d24997d,Syddanmark,-1,Isolated Store,Urban,0.8151220915245441
ab3b32c4-0687-40ef-82f5-36d446e35856,Nordjylland,-1,Isolated Store,Rural,0.835091035911332
a3a67c23-1790-401b-9a80-31f02fd9aad5,Hovedstaden,4,In-Cluster Store,Urban,0.8095247711510282
dee09164-ffe8-484a-b6ba-31a6efa44fab,Hovedstaden,4,In-Cluster Store,Urban,0.7799371259015244
de59654b-5223-44cb-82a4-df9e0b834cd0,Midtjylland,1,In-Cluster Store,Rural,0.8040364037463228
b4cc891e-4118-45d0-b217-53f0bb46d89e,Syddanmark,-1,Isolated Store,Rural,0.8189249368124024
d8027d9c-9848-41cf-92f9-c85826609365,Midtjylland,1,In-Cluster Store,Urban,0.8033124306666386
cee272d5-3c64-4807-8dd4-7951c74f51f2,Nordjylland,-1,Isolated Store,Rural,0.8252305578520419
a7b81709-c9d9-4256-808c-3b827f0a47ae,Hovedstaden,4,In-Cluster Store,Urban,0.7928889387479039
68385fa6-4086-4c10-95e2-6e7649002687,Syddanmark,2,In-Cluster Store,Rural,0.8148125891986283
67766b50-4cc6-4658-8fc4-a9b2db468f91,Midtjylland,1,In-Cluster Store,Urban,0.8146578534373918
0cd7d167-adbf-4fa6-9396-7e779ccc264c,Hovedstaden,4,In-Cluster Store,Urban,0.8166458739760896
bfb8e10d-443b-4a28-81a3-f72ff81c83e0,Nordjylland,0,In-Cluster Store,Urban,0.8236750500688652
48de28ab-23b9-44f4-9838-9e0cfb9d5799,Syddanmark,1,In-Cluster Store,Urban,0.8414117156405269
c73f2e63-1bd3-43a7-a0b7-b52f380f0e4e,Nordjylland,0,In-Cluster Store,Urban,0.8120925022027673
c462d85c-f66f-496f-b63c-51f85edd8337,Midtjylland,-1,Isolated Store,Rural,0.8205800563158056
2d65c541-74d5-4ca3-bb20-9d0dda55b3bd,Syddanmark,-1,Isolated Store,Rural,0.8288113182172667
37e65637-451c-4dfd-a778-eb86a9cdc216,Hovedstaden,4,In-Cluster Store,Urban,0.7656064136965397
720e790a-5c74-4611-8d66-d6b121b1212b,Hovedstaden,-1,Isolated Store,Urban,0.8185908504471471
c9d2f4d0-758e-4b92-9d1d-8250f626264c,Sjælland,4,In-Cluster Store,Rural,0.8236298491756011
edcacf87-af62-40ec-a30f-e7d445acdd83,Midtjylland,1,In-Cluster Store,Urban,0.7823604278135886
100d809a-cec0-43b3-a9b4-83564cf71d35,Midtjylland,1,In-Cluster Store,Urban,0.8250750083471873
e2e73f00-a6df-43e2-9f4c-238e0f7eb2a7,Midtjylland,1,In-Cluster Store,Urban,0.8126803134983829
0ebcbc68-ebbc-4b8b-90b0-5c99bfb714cf,Syddanmark,2,In-Cluster Store,Urban,0.8291089238496383
9fef99c9-5690-4384-a15b-f1987c7559d5,Nordjylland,0,In-Cluster Store,Urban,0.8265284928098917
b83bc543-12e4-4bf1-b837-24bc645421e1,Hovedstaden,4,In-Cluster Store,Urban,0.8160568473741696
c9c2d918-077a-4583-8040-a611c3c8a024,Hovedstaden,4,In-Cluster Store,Urban,0.7727112413130693
194e4354-e95a-4fbe-abde-3331b66cfda5,Sjælland,3,In-Cluster Store,Urban,0.8166388253541925
5b79d293-554c-4142-9880-96002202055e,Midtjylland,1,In-Cluster Store,Urban,0.7983606417580223
38046af1-1a96-46a0-b239-bb0284c28efc,Midtjylland,1,In-Cluster Store,Urban,0.8318827842736881
87647462-de62-4e6b-a19d-b7f237ad87dd,Midtjylland,-1,Isolated Store,Rural,0.8440596504936093
2588c255-65f6-41d0-afe9-251df11da414,Hovedstaden,4,In-Cluster Store,Urban,0.8177452401437973
680e79c8-7a42-424b-bb73-21e1ad3cabd1,Syddanmark,2,In-Cluster Store,Urban,0.837169518509159
dcfd6dca-4e6c-4671-a1c4-8f9f1cd51d66,Syddanmark,-1,Isolated Store,Urban,0.8460248321725097
60a92065-e61b-4020-9f5e-972a0e8b7d3e,Hovedstaden,4,In-Cluster Store,Urban,0.7742196187782706
7094712b-feda-4c89-b2e7-a384b13ae0e3,Midtjylland,1,In-Cluster Store,Urban,0.8271352499650442
e2f413de-187c-4498-87c2-c05178c4c59b,Midtjylland,1,In-Cluster Store,Urban,0.8228065712020532
8a16987a-d80f-48b6-9ce1-5e480136ccfd,Hovedstaden,4,In-Cluster Store,Urban,0.829168771794146
0eca728f-6b3a-4ae4-b036-942f62382eaf,Syddanmark,-1,Isolated Store,Urban,0.8136832287863892
5e2aef90-6c4a-4918-b1e8-df20ba06b65e,Midtjylland,-1,Isolated Store,Rural,0.8341691941566418
bb68fe36-6237-4e4d-8f84-a64d39b4049a,Hovedstaden,-1,Isolated Store,Urban,0.7590360370137702
d332dc37-6769-4d35-be4c-cf6ebfbcd95b,Nordjylland,-1,Isolated Store,Rural,0.8136364264503041
77f084bc-bb73-42de-9d25-7fb1d84a02b9,Midtjylland,1,In-Cluster Store,Urban,0.8221419441516389
efa158d3-0831-4077-bca5-aee90cf0d279,Sjælland,-1,Isolated Store,Rural,0.7937052784303354
